HashTag,CreatedTime,LastModifiedTime,State
datascience,1/14/2020 12:13,1/14/2020 12:13,Follow
TalentManagement,11/17/2014 16:13,11/17/2014 16:13,Follow
humanresources,11/17/2014 16:13,11/17/2014 16:13,Follow
EmployeeEngagement,1/14/2020 12:13,1/14/2020 12:13,Follow
ArtificialIntellence,11/17/2014 16:13,11/17/2014 16:13,Follow
Python,11/17/2014 16:13,11/17/2014 16:13,Follow
Machine Learning,1/14/2020 12:13,1/14/2020 12:13,Follow
DataAnalytics,11/17/2014 16:13,11/17/2014 16:13,Follow
DataScience,11/17/2014 16:13,11/17/2014 16:13,Follow
TechRecruitment,1/14/2020 12:13,1/14/2020 12:13,Follow
DataVisualization,11/17/2014 16:13,11/17/2014 16:13,Follow
InternationalDevelopment,11/17/2014 16:13,11/17/2014 16:13,Follow
