Content Title,Content Description,Content Type,Content Last Watched Date (if viewed),Content Completed At (if completed),Content Saved,Notes taken on videos (if taken),
Ram Charan on Coaching High Potentials,"High-potential employees are the key driver of an organization's future success and performance-but who are these future leaders? Where do they come from and how are they developed? In this short course, LinkedIn Influencer Ram Charan, a top-level coach to global CEOs, outlines what companies must do to cultivate high potentials and what individuals can do to develop their high-potential selves: by pursuing skills, opportunities, and focus.",Course,2019-02-28 20:33 UTC,N/A,false,N/A,
Change Management Foundations (2016),"Change is hard, but necessary for businesses to thrive and survive. You—as leader or manager—can help implement new business processes and initiatives using organizational change management (OCM).  In this course, consultant and change management expert Bob McGannon discusses the principles and techniques necessary to drive change at the project level, in a certain business area, or throughout an entire organization. He helps you prepare, manage, and support the change process, outlining the five phases involved and the eight competencies required for success. Bob also helps you understand the stages of change on an individual level, so you can help team members and stakeholders adapt.",Course,2020-05-19 22:18 UTC,N/A,true,N/A,
Instructional Design Essentials: Models of ID,"Instructional design (ID) models are frameworks that help you create quality training. In this course, instructional design expert Dr. Joe Pulichino explores some of the most salient models of ID, illuminating the connections between learning and ID. Joe dives into common models such as ADDIE and SAM, and provides examples of when each model might be most appropriate for producing engaging and effective instructional materials. Plus, he shares how key learning theories can guide your ID efforts, as well as how rapid prototyping can help you boost your efficiency as you design your training.",Course,2020-05-22 22:53 UTC,N/A,true,N/A,
Excel: Creating a Basic Dashboard,"Learn easy-to-implement techniques that can help you quickly create a visual representation of your data to inform your decision making. In this brief course, Curt Frye walks through the basics of creating a dashboard in Excel. Curt begins with a primer on using PivotTables—one of the most powerful data analysis tools in Excel. He also shares how to define conditional formats and summarize your data with sparklines and charts. Plus, he shows how to set up your dashboard worksheet, link data to cells and shapes, maximize your screen space by hiding rows, and modify the Excel program window to meet your needs.",Course,2019-02-24 00:55 UTC,N/A,false,N/A,
Human Resources: Selecting an HR System,"Learn how to select the right HR information system (HRIS) for your organization. An HRIS is designed to manage the data of the workplace and the entire employee lifecycle: from hiring to managing payroll, benefits, and training. Due to advances in technology and decreases in cost, these solutions are more realistic for all companies—but not all HR systems are made alike. This course can help you identify an HRIS system that will work best for your company. Learn what internal factors to consider in your purchase, including day-to-day and strategic company needs. Discover how to identify potential vendors, and generate request for information (RFIs) and requests for proposals (RFPs) in order to solicit bids. Instructor Don Phin also explains the right questions to ask at every stage of the buying process.",Course,2018-08-03 17:10 UTC,N/A,false,N/A,
Human Resources: Running Company Onboarding,"The first step in converting a promising job candidate into a successful employee lies in your organization's onboarding process. How can you improve an employee's first days and weeks on the job? How can you create long-term employee engagement and growth? How do you make sure onboarding is consistent from team to team? In the course, HR professional Jeff Toister shows how to build a successful company-wide onboarding program. He helps you determine the contacts, equipment, and training employees need to be effective, and define an engaging onboarding experience that excites new hires. He helps you identify key onboarding stakeholders (including recruiters, trainers, and managers), establish goals and milestones to evaluate employees' progress, and develop a first-rate training program to show new hires how to do their jobs.",Course,2020-04-12 11:14 UTC,2020-04-12 00:18 UTC,false,N/A,
Become a Data Analytics Specialist,"Get a thorough grounding in the concepts and skills needed for data analytics, including statistics, financial forecasting, data mining, predictive analytics, and meta-analysis.",Learning Path,2020-09-12 14:57 UTC,N/A,false,N/A,
Become a Data Analyst,"Data analysts examine information using data analysis tools and help their teams develop insights and business strategies. You’ll need skills in math, statistics, communications, and working with tools designed to do data analytics and data visualization. Explore this high-demand career.",Learning Path,2020-10-19 22:48 UTC,N/A,false,N/A,
Become a Corporate Recruiter,"Set yourself up for success as a corporate recruiter. Learn the critical role that corporate recruiters play in talent management, as well as how to source talent, screen resumes, interview candidates, and create successful onboarding experiences. ",Learning Path,2020-05-03 14:51 UTC,2020-04-23 16:00 UTC,false,N/A,
Excel: Tips and Tricks,"Want to take your Excel game to the next level? In this course, veteran Excel trainer and instructor Dennis Taylor shares powerful tips, tricks, and shortcuts that can help you leverage more of what Excel has to offer. Learn time-saving tricks for creating formulas rapidly, accelerating data entry, and navigating within worksheets efficiently. Plus, discover drag and drop techniques, formatting shortcuts, charting and PivotTable tips, and much more.</br></br>

Note: This course was recorded on Excel for Office 365; however, most of the contents will benefit anyone using Office 2019 or 2016.",Course,2019-04-18 08:46 UTC,N/A,false,N/A,
Data Science Foundations: Data Mining,"All data science begins with good data. Data mining is a framework for collecting, searching, and filtering raw data in a systematic matter, ensuring you have clean data from the start. It also helps you parse large data sets, and get at the most meaningful, useful information. This course, <em>Data Science Foundations: Data Mining</em>, is designed to provide a solid point of entry to all the tools, techniques, and tactical thinking behind data mining.<br><br>

Barton Poulson covers data sources and types, the languages and software used in data mining (including R and Python), and specific task-based lessons that help you practice the most common data-mining techniques: text mining, data clustering, association analysis, and more. This course is an absolute necessity for those interested in joining the data science workforce, and for those who need to obtain more experience in data mining.",Course,2020-04-12 15:38 UTC,2020-04-12 00:58 UTC,false,N/A,
Critical Thinking for Better Judgment and Decision-Making,"The pace of change and volume of information we encounter in daily life make it hard to think through decisions. Instead, people often rely on biases and rules of thumb, which trap them into drawing faulty conclusions. The most successful teams use critical thinking—objective and rational analysis—to illuminate the wisest conclusions. This course prepares leaders to hone the critical thinking skills of their entire organization. Learn how to upgrade critical thinking to avoid deceiving fallacies, spot misleading cognitive biases, craft better arguments, hone judgment, and improve decision-making. Instructor Becki Saltzman teaches skills that will improve how your company or team innovates, tackles challenges, and responds to change.",Course,N/A,N/A,true,N/A,
Social Recruiting for Recruiters,"Recruiting talented candidates via social channels has become an important part of a recruiter's job. But how does one best tackle this channel? In this course, instructor Bert Verdonck shares strategies that can help recruiters efficiently and successfully recruit top talent on social platforms. Bert explains how social recruiting fits into the overall recruiting process, which social platforms to focus on, and how to jump-start your social media recruiting presence. He also shares how to find and approach ideal candidates, collaborate with hiring managers, and drive referral recruitment.",Course,2020-04-16 12:18 UTC,2020-04-13 23:53 UTC,false,N/A,
Learning Excel Cluster Analysis,"Learn how to use Excel's built-in data management and computation functions to identify clusters of data points—with little or no VBA! Author Curt Frye shows you how to set up a worksheet for cluster analysis, create formulas that identify the closest focal point (centroid) for each row, and analyze your results in an Excel table or XY scatter chart. Members who don't mind recording macros or writing VBA code can learn how to automate some parts of the procedure.",Course,2019-03-29 08:53 UTC,N/A,false,N/A,
Performance-Based Hiring,"Top performers aren't looking for just another job; they want challenges and growth. To get the best people, you need to attract them differently, which means your hiring process—your sourcing, interviewing, and recruiting—needs to change, and even how you write your job descriptions. In this course, Lou Adler, CEO and founder of the Adler Group, explains performance-based hiring, an end-to-end, four-step process for hiring top talent. Lou outlines the steps to help you expand your talent pool (sourcing), create job descriptions that deliver the highest quality applicants (screening), interview so you uncover what really leads to performance (interviewing), and make the best hiring decisions (recruiting).",Course,2020-04-25 01:12 UTC,2020-04-11 15:58 UTC,false,N/A,
Guy Kawasaki on Turning Life Wisdom into Business Success,"Get career advice from a real ""wise guy."" In this course, based on his book <i>Wise Guy</i>, one of the world's leading corporate evangelists, Guy Kawasaki, talks about how he built his career. Learn how he landed his first real job in the jewelry business—which turned out to be surprisingly useful training for the tech world. Find out why some of the riskiest moves he made at Apple—disparaging a potential partner and trading jabs with Steve Jobs—paid off. Guy also reveals how taking up surfing at the age of 62 sparked a new passion. In total, Guy covers everything from moral values to business skills to parenting. As he writes, “I hope my stories help you live a more joyous, productive, and meaningful life. If <i>Wise Guy</i> succeeds at this, then that’s the best story of all.”<br><br>

This course was created by <a href=""https://genconnectu.com/"" target=""_blank"">genconnectU</a>. We are pleased to offer this training in our library.",Course,2020-11-03 00:51 UTC,N/A,false,N/A,
Tableau Essential Training (2020.1),"Tableau is a widely used data analytics and visualization tool that many consider indispensable for data-science-related work. Its drag-and-drop interface makes it easy to sort, compare, and analyze data from multiple sources, including Excel, SQL Server, and cloud-based data repositories. In this course, learn what you need to know to analyze and display data using Tableau 2020—and make better, more data-driven decisions for your company. Discover how to install Tableau, connect to data sources, and sort and filter your data. Instructor Curt Frye also demonstrates how to create and manipulate data visualizations—including highlight tables, charts, scatter plots, histograms, maps, and dashboards—and shows how to share your visualizations. Along the way, he highlights the new features packed into this edition of the software, including Viz Animations, which allows you to visually follow the movement of marks in a data visualization to see and understand your changing data.",Course,2020-10-19 22:48 UTC,N/A,false,N/A,
Learning Personal Branding,"You are the most powerful marketing tool at your disposal. If you are starting a business, establishing your thought leadership, or trying to get ahead in your career, it's a great time to start investing in the brand of you. Learn the secrets of personal branding in this course with marketing expert Chelsea Krost. Chelsea explains how to develop your story, craft your messaging, and define your audience. Then she walks you through building your brand presence online and off, creating a calendar that will help you stay on top of social media and keep your content fresh. Plus, get tips to monetize your personal brand and land speaking engagements and guest roles.",Course,2020-04-16 11:48 UTC,N/A,false,N/A,
Managing in Difficult Times,"Tough times separate great leaders from the rest. What do leaders do to manage effectively in difficult times? It's as much about what they do to <em>prepare</em> as it is about how they <em>react</em>. Jan Rutherford introduces important tools for keeping you and your team focused, inspired, and effective during times of change or crisis. Learn how to build self-awareness, achieve clarity and focus, keep innovating despite volatility, and develop a committed team that is resilient in the face of change. He also shares innovative strategies to cut costs, and reframe challenges as opportunities for your team.",Course,2020-05-02 14:24 UTC,N/A,false,N/A,
"Developing a Diversity, Inclusion, and Belonging Program","Diversity, inclusion, and belonging (DIBs) isn’t just a buzzword. DIBs programs can have real impact on employees’ productivity and welfare. Think about the best group you ever belonged to—where you felt like everyone cared about you, understood you, and valued you as a part of the group. That is the kind of environment that promotes sharing, innovation, and growth. This courses shows HR leaders how to develop a DIBs strategy that builds diverse, inclusive environments where everyone feels like they belong. Dr. Stefanie K. Johnson explains how to create a strategy for your organization and start integrating DIBs into core HR activities, such as recruitment, training, performance evaluations, and promotions. Plus, learn how to get buy-in and evaluate the ongoing success of your program.",Course,2020-04-21 23:04 UTC,N/A,false,N/A,
Human Resources: Leadership and Strategic Impact,"Human resources must a be an equal partner in defining an organization's strategy. But compared to its financial, technology, and customer counterparts, HR strategy can feel vague and disconnected from the core mission. How can HR step up to lead? By focusing on pivotal priorities, asking clarifying questions, and following proven frameworks. In this course, award-winning HR guru, researcher, consultant and coach John Boudreau shows how to drive impact, efficiency, and effectiveness of HR investments using his HC BRidge methodology. He shows how to ask the right questions, avoid the obvious (often wrong) answers, and define the talent, relationships, and pivotal processes that will have the biggest impact on company success. Using this toolkit, you build a sustainable HR strategy that will guide your choices and keep them in line with the rest of the organization. Plus, learn how to use bottlenecks to spot priorities, and measure the impact of your new strategy.",Course,2018-08-06 17:17 UTC,N/A,false,N/A,
Data Analytics for Business Professionals,"What can data analytics do for your business? Take a lesson from companies like Xerox and UPS. Data analytics can help cut costs, speed up delivery, generate forecasts, and make better decisions. In this introductory overview, economist and author John Johnson shows leaders and executives how to use analytics to make data-driven decisions and gain competitive advantage. First, see examples of real-life analytics in action. Then explore the differences between predictive and prescriptive analytics, and find out how to formulate questions—a process that can be almost as revealing as finding the answers. John then shows how to collect, clean, and aggregate data from different sources across your organization, and identify when data is flawed. Then learn how to plan and deploy an analytics strategy for your business, starting with a variety of simple techniques: averages, sampling, cherry picking, forecasting, and correlation and causality. Finally, John closes with some resources and next steps to advance your analytics knowledge.",Course,N/A,N/A,true,N/A,
Influencer Interview: Oprah Winfrey,"Go behind the scenes with Oprah Winfrey and LinkedIn CEO Jeff Weiner as they discuss Oprah's career, the power of intention, and SuperSoul Sunday.<br><br>
 
In the first segment, Oprah discusses her start in television, the guiding force behind her show, and how her current work is all about connection, spirituality, and the earth. In the second, Oprah talks about the power of belief and intention, and how to determine what ""you ultimately want to do"" and the joy of ""getting it."" In the final segment, Oprah talks about SuperSoul Sunday and how we are all looking for validation.",Course,2020-03-27 09:54 UTC,N/A,false,N/A,
Lighting with Flash: The Basics,"In the <em>Lighting with Flash</em> series, photographer and <em>Strobist</em> blog publisher David Hobby demonstrates how to use compact flash units in a variety of lighting scenarios. In this first installment, he covers the basics, starting with ambient window light and ending with a four-light shoot of a model. Along the way, the course covers a variety of fundamental lighting concepts as well as accessories such as ring lights and softboxes. The course includes diagrams and detailed explanations of the lighting setups.",Course,2019-07-29 13:22 UTC,N/A,false,N/A,
Critical Thinking,"Critical thinking is the ability to think reflectively and independently in order to make thoughtful decisions. By focusing on root-cause issues critical thinking helps you avoid future problems that can result from your actions. In this course, leadership trainer and expert Mike Figliuolo outlines a series of techniques to help you develop your critical thinking skills. He reveals how to define the problem you're trying to solve and then provides a number of critical thinking tools such as blowing up the business, asking the 5 whys and the 7 so whats, exploring the 80/20 rule, and more. He also provides guidance on how to develop this skill across your whole team.",Course,N/A,N/A,true,N/A,
Recruiting Foundations,"Barbara Bruno, CPC, CTS, is an award-winning recruiter and industry speaker who has placed over 10,000 people in hard-to-fill positions. She understands that one great hire can change the course of an entire company. She explains what it takes to be a successful recruiter in any niche or industry.<br><br>
  
Barb outlines recruiting best practices, such as how to embrace attitudes and expectations for success, how to best use your time, and how to overcome common objections from employers and candidates. She also addresses the change in recruiting from a mostly verbal and face-to-face communication into the new era of data-driven social and mobile connections. In addition, she provides guidance on how to establish rapport and trust with hiring authorities and attract top talent, as well as techniques for negotiating, closing, and retaining clients and candidates for the long term.",Course,2021-02-23 22:44 UTC,2020-04-11 14:58 UTC,false,N/A,
Human Resources: Managing Employee Problems,"Every company has people problems. Managing them is one of the core responsibilities for human resources. So how should an HR professional approach the inevitable conflicts that can arise in the workplace? In this course, JoAnn Corley explains the role of an administrator—enforcing policy and legal rules—as well as the need and role of an advisor—coaching and viewing problems as opportunities for growth. First, get an overview of the most common employee problems and why they can present a legal risk to your company. Then learn why, as with most HR functions, problem management starts by putting a good process in place. Discover the importance of training and documentation, and find out how to circle back to the employee handbook when problems occur. JoAnn also explains how to move from the administrator to the advisor mindset by having conversations with employees and partnering with their managers to move situations forward. She shares real-life scenarios that allow you to see how to handle problems in practice, and possibly even anticipate problems <i>before</i> they happen.",Course,2018-08-20 17:29 UTC,N/A,false,N/A,
Sheryl Sandberg and Adam Grant on Option B: Building Resilience,"Dodging adversity is often not a choice. Encountering a devastating event—the gut-wrenching kind that zaps away joy—is an inevitability of life. In their <em>New York Times</em> best-selling book <em>Option B: Facing Adversity, Building Resilience, and Finding Joy</em>, Facebook COO Sheryl Sandberg and Wharton psychologist Adam Grant share their insights on building resilience in the face of such setbacks. They offer practical steps you can take to reimagine and rebuild your life when your first choice—your Option A—is no longer on the table, and you're faced with the task of making the absolute best of Option B. This course highlights some of the powerful topics in this book, including how to talk to friends and colleagues who are hurting when you're not sure what to say, how to fight the idea that the hurt you're feeling is permanent, and how to give yourself permission to experience happiness again.<br><br> For additional resources and support, check out <a href=""https://optionb.org/"" target=""_blank""> OptionB.Org</a>, a nonprofit initiative dedicated to helping individuals build resilience in the face of adversity.",Course,2019-01-29 12:38 UTC,N/A,false,N/A,
Statistics Foundations: 1,"Statistics is not just the realm of data scientists. All types of jobs use statistics. Statistics are important for making decisions, new discoveries, investments, and predictions.  Whether the subject is political races, sports rankings, shopping trends, or healthcare advancements, statistics is an instrument for understanding your favorite topic at a deeper level. With these beginner-level lessons, you too can master the terms, formulas, and techniques needed to perform the most common types of statistics.<br><br>

Professor Eddie Davila covers statistics basics, like calculating averages, medians, modes, and standard deviations. He shows how to use probability and distribution curves to inform decisions, and how to detect false positives and misleading data. Each concept is covered in simple language, with detailed examples that show how statistics are used in real-world scenarios from the worlds of business, sports, education, entertainment, and more. These techniques will help you understand your data, prove theories, and save time, money, and other valuable resources—all by understanding the numbers.",Course,2020-04-11 23:35 UTC,2020-04-11 23:24 UTC,false,N/A,
Human Resources: Strategic Workforce Planning,"No company can achieve sustained success without a strong, capable leader at the helm. But what happens when a key person in an upper-management role leaves their post? In this practical course, HR expert Wayne Cascio dives into the subject of strategic workforce planning (SWP). Wayne explains why SWP is critical and shows HR professionals how to craft a plan that ensures that the right employees are placed in critical roles.<br><br>

Wayne reviews what SWP is and how it delivers value to companies large and small. He steps through how to build a talent inventory, forecast the internal and external supply of labor, and approach succession planning. Plus, he explains how to tackle global talent management effectively.",Course,2018-10-31 07:58 UTC,N/A,false,N/A,
Body Language for Leaders (2015),"Research shows that when your verbal and nonverbal signals are out of alignment, people are forced to choose between what they hear and what they see. And subconsciously, they'll believe your body language. In this course, workplace body-language expert Carol Kinsey Goman, PhD, reveals how body language is perceived and often misread, and shares the six nonverbal signals you need to know to make a positive first impression. She also discusses the importance of body language for leaders, and shows how you can establish leadership presence. Lastly, she provides simple and effective tips on communicating with gestures and stance.",Course,2019-01-24 11:54 UTC,N/A,false,N/A,
Human Resources: Payroll,"Payroll is a core function in HR. Complex tax and labor laws can make it seem daunting, but with the right tools and techniques, your payroll can function like a well-oiled machine. This course teaches HR professionals how to set up and administer a payroll system. HR consultant Gabriella Parente-Neubert covers 13 of the most common payroll topics, including classifying workers, understanding exempt vs. nonexempt employees, retaining records, and picking a payroll system. She also reviews details such as paying sick and vacation time, understanding the role of benefits in compensation, and processing final wages as the result of termination. Using her guidance, you'll be able to build a successful payroll system that ensures employees are paid correctly and punctually every time.",Course,2018-07-31 13:46 UTC,N/A,false,N/A,
Coaching and Developing Employees,"Harness the power of coaching in the workplace. Learn how to shift from a command-and-control style of management to a manager-as-coach style of leadership to transform employee engagement and bottom-line results. Join leadership and negotiation coach Lisa Gates, as she explains how to establish a coaching relationship with your reports. Lisa shows how skills like open-ended question asking, listening, challenging for growth, and accountability can increase your employees' autonomy and problem-solving capacities. The course includes assessments, exercises, and tools to help your team capture goals, map a career trajectory, and accelerate growth, along with sample coaching conversations help you see these tips in practice and understand their potential impact on your people, productivity, and results.",Course,N/A,N/A,true,N/A,
Python: Working with Predictive Analytics,"Data can tell many stories: where it came from <i>and</i> where it’s going. Predictive analytics gives programmers a tool to tell stories about the future: to extract usable information and make accurate predictions. These predictions, in turn, allow business to make more informed, impactful decisions. Join Isil Berkun, data scientist, to explore predictive analytics with Python. Discover how to prepare data—fill in missing values, perform feature scaling, and more—and use prebuilt Python libraries to make and evaluate prediction models. She describes what models to use when, and explains the concepts in such a way that you can immediately apply them to your own work. By the end of the course, you’ll be able to leverage Python libraries like pandas and NumPy and choose the right prediction models for your projects.",Course,2021-04-07 17:46 UTC,N/A,false,N/A,
Human Resources: Creating an Employee Handbook,"Truly effective employee handbooks don't just help companies remain compliant with the law—they can also express an organization's culture and vision. In this course, join veteran attorney Don Phin as he discusses the legal reasons to have a handbook, the cultural aspects of this important document, and how to share your finished handbook with employees. Don goes over a variety of key topics, including codes of conduct, at-will employment and other disclaimers, leave management policies, preventing sexual harassment and other employment claims, and using the handbook to reflect your company culture. Plus, discover how to use today's digital technologies to bring your employee handbook to life.",Course,2019-03-07 15:22 UTC,N/A,false,N/A,
Balanced Scorecard and Key Performance Indicators,"There's a critical link between an organization's goals and its performance metrics. A beautiful mission statement is nothing without specific, actionable measures that provide incentives to succeed. These actionable numeric measures are called key performance indicators (KPIs) and can be organized into a structure called the balanced scorecard. The scorecard helps you quantify business performance over time: weeks, months, quarters, or even years.<br><br> 

In this course, accounting professors Jim and Kay Stice explain what KPIs your business should consider in a balanced scorecard, from financial goals to employee and customer satisfaction. They describe how to craft a clear mission statement that complements your KPIs, and how to tie performance to incentives. Plus, get a look at KPIs in action, as Jim and Kay break down a case study examining a trucking company's balanced scorecard.",Course,2018-09-27 09:04 UTC,N/A,false,N/A,
Learning Excel Desktop (Office 365/Microsoft 365),"Looking to get started with Microsoft Excel? This beginner-level course can help. Join instructor David Rivers as he introduces new users to the fundamentals of Excel. David covers how to create new workbooks, add and format numbers and text, work with basic formulas and functions, and leverage key features such as AutoFill, which allows you to quickly fill new cells using existing cells where there is a pattern. Plus, learn how to insert charts, quickly share your spreadsheets with others, and more.",Course,2020-03-23 19:03 UTC,N/A,false,N/A,
CONTENT METADATA NO LONGER EXISTS - urn:li:lyndaCourse:693071,CONTENT METADATA NO LONGER EXISTS - urn:li:lyndaCourse:693071,Course,2019-01-17 11:23 UTC,N/A,false,N/A,
Six Sigma: Green Belt,"Six Sigma is a customer-focused, data-driven methodology that is widely used to analyze and improve the performance of processes, products, and services. In this course, get the training you need to become a Six Sigma Green Belt. Green Belts participate in—or lead—Six Sigma projects on a part-time basis under the guidance of a Black Belt. Operational excellence expert, master Black Belt trainer, and professor Dr. Richard Chua explains how to use Six Sigma and its process, quality, and statistical tools as he prepares you to become a Six Sigma Green Belt.<br><br>   

Note: Dr. Richard Chua builds upon his <i>Six Sigma Foundations</i> and <i>Learning Minitab</i> courses, and covers an array of topics, including measurement system analysis, descriptive statistics, hypothesis testing, design of experiments, statistical process control, and more.",Course,2021-01-14 22:19 UTC,N/A,false,N/A,
SQL: Data Reporting and Analysis (2016),"Do you rely on IT to get you the data you need? Do you wish you could retrieve it yourself? <em>SQL for Data Reporting and Analysis</em> teaches you how to get the data you want by writing a bit of SQL code. You won't just be able to pull data out of the database; you'll be able to manipulate it: merging it, multiplying it, grouping it, and relabeling it to get just the report you want.<br><br>

Join Emma Saunders as she shows you how to design and write simple SQL queries for data reporting and analysis. Review the different types of SQL, and then learn how to filter, group, and sort data, using built-in SQL functions to format or calculate results. Learn a bit about data types and database design. Discover how to perform more complex queries, such as joining data together from different database tables. Last but not least, Emma shows how to save your queries as views, so you can run them again and again.",Course,2019-03-06 19:10 UTC,N/A,false,N/A,
The Step-by-Step Guide to Building your Thought Leadership on LinkedIn,"Generating business, reaching new clients, or acting as a spokesperson for your company or product—there are many benefits to building your thought leadership on LinkedIn. Whether you are a seasoned professional or just starting out, Alexandra Galviz (""Authentic Alex”) can help. Alex is a Linked Top Voice for the UK and the cofounder of #LinkedInLocal. In this course, she offers a step-by-step guide to using LinkedIn to reach audiences and establish your expertise. She explains how to craft an authentic voice, grow your audience of brand ambassadors, and create courageous content. Each chapter is filled with examples of her favorite thought leaders in the UK, from entrepreneurs to business leaders. By the end, you’ll be sharing your stories in an authentic and relatable way and creating a deeper connection with your network.",Course,2020-11-16 03:38 UTC,N/A,false,N/A,
Human Resources Foundations,"Whatever business you're in, there's a fundamental need to support the people that work there. That's where human resources comes in. In this course, HR expert Wayne Cascio provides a comprehensive guide to the field of human resources. Wayne ensures new HR professionals are well versed in their core responsibilities: from attracting, interviewing, and hiring candidates to establishing a pay strategy and creating systems for internal training and development. Wayne also discusses the role that HR plays in career development, performance management, and managing an international workforce.",Course,2018-08-28 11:00 UTC,N/A,false,N/A,
Coaching New Managers,"Of all the changes, promotions, and advancements you may receive at work, few are as impactful as the change from individual contributor to manager. Besides a whole host of new responsibilities, being a manager requires an entirely new way of approaching your job, and some may make that transition easier than others. In this course, Jenny Blake helps those whose job it is to support this role—manager of managers, HR—by offering a plan of action to help new managers make the big leap into their new role. She covers the importance of helping new managers form a mindset that prioritizes outcome over individual contributions, how to help new managers build confidence, and how to foster experimentation so that they can find what works best for them. This course gives you the tools to help acclimate new managers and shift their focus from working <i>in</i> the team, to working <i>on</i> the team.",Course,2021-05-18 07:42 UTC,N/A,false,N/A,
Marketing Your Professional Service,"Marking any kind of professional service—from legal representation to music lessons—requires a certain finesse. As you're selling your expertise and time instead of a tangible product, your marketing content must quickly establish that you're trustworthy, highly skilled, and able to tackle a pressing problem. In this course, marketing expert John Jantsch steps through how to market your professional services. First, learn how to focus on your core problem and look through the lens of a customer to better understand how they buy and how they expect to be served. John then shows how to create a website that drives traffic and helps you capture leads. Finally, discover how to turn customers into raving fans and develop a referral process.",Course,2019-01-29 12:38 UTC,N/A,false,N/A,
Administrative Human Resources,"HR administration is vital to the success of every business and every employee. Effective HR administrators make sure companies stay compliant with regulations, and keep their employees motivated and engaged. If you are a small business owner who wants a deeper understanding of HR, someone looking for a job in HR, or an administrative professional whose duties include HR, this training course is for you. It provides a general introduction to the role and duties of an HR administrative professional.<br><br>

HR consultant Catherine Mattice outlines some of the considerations of the human resources professional, such as balancing the needs of employees with the interests of the organization. She reveals how to conduct an HR audit to identify HR practices that need improvement. She then outlines core HR responsibilities: staffing, training, documentation, compensation and benefits, performance reviews, job descriptions, compliance with state and federal regulations, and more.",Course,2018-08-14 09:16 UTC,N/A,false,N/A,
Delivering an Authentic Elevator Pitch,"Find out how to craft an authentic personal pitch while projecting competence and warmth—two key factors in making a great first impression. Instructor Tatiana Kolovou shares how building trust with people and making a positive first impression isn’t a matter of magic. Tatiana reveals how verbal and nonverbal behaviors can influence the way people react in an initial meeting, whether in person, over the phone, or online.",Course,2020-11-08 23:04 UTC,N/A,false,N/A,
Organization Design,"In order to attract top talent and execute strategies effectively, it's imperative that you make your company a vibrant, engaging place to work. By gaining a solid foundation in organization design, you can learn how to build a high-performing organization that thrives in a complex business environment. In this course, Amy Kates shares a practical approach to organization design, providing you with a complete overview of the core models, methods, and tools used by organization design practitioners. She shows how to create alignment between components of an organization, select structure and integration options, match talent to an organization, and manage the organization design process.",Course,2020-04-08 21:33 UTC,2020-04-08 21:07 UTC,false,N/A,
Employee Engagement,"In this course, strategic HR expert and author Don Phin explains what employee engagement is, what engaged work and leadership look like, and how to bring these qualities to your organization. Don shares tested and proven techniques for how to attract, hire, and retain engaged employees. He explains how to keep that engagement growing through feedback, compensation, and other methods so that your most valuable people remain at your company. He also explains how you can measure and evaluate your engagement efforts.",Course,2019-03-05 23:02 UTC,N/A,false,N/A,
Project Management: Calculating Earned Value,"BAC, CV, ETC, TCPI. Don't let the alphabet of earned value acronyms deter you. Follow along with Aileen Ellis, PMP, PgMP, as she walks you through earned value calculation. Relevant for those considering the PMP exam <em>or</em> interested in better managing your project performance, this course shows you the calculations that make earned value management (EVM) one of the most critical project metrics. Aileen walks through two concrete examples, a construction project and a system upgrade, and shows how earned value metrics can help you calculate current performance and forecast future performance. Since it's not all a numbers game, interpret the results of these calculations and forecasts to make better project decisions.",Course,2018-09-21 11:56 UTC,N/A,false,N/A,
The Human Resources Hero,"As a human resources manager, you want to be a trusted partner who adds value to your organization's bottom line. But for many leaders in the HR space, the administrative and compliance requirements of the role may feel stifling. In this course, instructor Don Phin walks you through some of the more intriguing and engaging aspects of being an HR manager. Don lays out how to set the stage for strategic career growth, create a plan, and manage the emotional challenges you may encounter along the way. He helps you clarify your top objectives, grasp how HR relates to sales, create a plan, leverage time management tools, manage your emotional energy, and more. Upon wrapping up this course, you'll have the tools you need to become an HR hero (and boost your salary in the process).",Course,2020-04-12 15:11 UTC,N/A,false,N/A,
Certification Prep: Professional in Human Resources (PHR)®,"Distinguish yourself from others in the HR field by earning the Human Resources Certification Institute (HRCI®) Professional in Human Resources (PHR) certification. By taking and passing the PHR exam, you indicate to colleagues and potential employers that you boast a deep understanding of both the technical and operational aspects of HR. This course was designed to prepare you to approach your exam day with confidence. Instructor Joanne Simon-Walters provides an overview of the PHR exam content, going over key topics in each of the five functional areas: business management, talent planning and acquisition, learning and development, total rewards, and employee and labor relations. Joanne also provides tips for maximizing the course and crafting an effective study plan.</br></br> 

Disclaimer: This course is not produced nor endorsed by HRCI®.",Course,N/A,N/A,true,N/A,
Figure Drawing: Tonal Rendering,"How can you make a good figure drawing into a great figure drawing? Give it drama with tonal rendering. This course—taught on the iPad Pro—provides you with step-by-step demonstrations that can help you enhance the dimensionality and drama of your figure drawings using tonal rendering techniques. Instructor Amy Wynne starts by demonstrating how to create a five-part tonal gradient, and then shows how to apply this to simple 3D geometric shapes such as an egg, a cylinder, and a block; these shapes serve as the building blocks for constructing your figures. Amy also shows how to build the figure from the inside out—from structure to tonality—and apply silhouette and camouflage using inspiring master drawings as examples. Upon completing this course, you'll be equipped with a few simple techniques that can help you add beautiful lights and shadows to your figure sketches.",Course,2020-04-14 18:42 UTC,N/A,false,N/A,
Developing Your Emotional Intelligence,Emotional intelligence can help you build effective relationships at work. Executive coach and organizational psychologist Gemma Roberts explains what emotional intelligence (EQ) is and why it's important. She helps you become more self-aware so that you can identify triggers that may hijack your performance. Gemma also helps you align your intentions and your impact so that you can build strong and collaborative relationships.,Course,N/A,N/A,true,N/A,
Excel 2016: Charts in Depth,"Charts allow you to communicate information visually, in a way that's more impactful than raw data, and they happen to be one of the most powerful and easy-to-use features in Microsoft Excel. In Excel 2016, there are six brand-new chart types to learn. Let Dennis Taylor show you how to create different kinds of Excel charts, from column, bar, and line charts to exploded pies, and decide which type works best for your data. Learn how to fine-tune your chart's color and style; add titles, labels, and legends; insert shapes, pictures, and text boxes; and pull data from multiple sources. Plus, get an overview of the new chart types in Excel 2016: Treemap, Sunburst, Waterfall, Histogram, Pareto, and Box & Whisker.<br><br>

The training wraps up with lesson on changing data sources for charts and printing and sharing charts.",Course,2019-02-28 08:02 UTC,N/A,false,N/A,
Managing High Potentials,"Managing high potentials gives you an opportunity to pave the way for some of your organization's strongest talent. High potentials are employees who are most likely to be promoted to—and succeed in—leadership roles. By strategically helping these professionals to grow and expand their responsibilities, you can have a significant impact on the future or your organization. Leadership expert Sara Canaday helps you understand the mindset and motivations of high potentials so you can meet their expectations and provide them with the appropriate level of support and development.",Course,2019-02-12 19:10 UTC,N/A,false,N/A,
Excel 2016: Advanced Formatting Techniques,"Get simple, powerful tips for making spreadsheet information readable and understandable in Microsoft Excel 2016. Dennis Taylor shows how to emphasize specific cells with fonts, borders, and color; adjust the positioning of cell contents; format numeric data; and add style and readability to worksheets. You'll also learn how to add pictures to worksheets and discover automation techniques (including conditional formatting) that take the drudgery out of formatting even the largest amounts of data.",Course,2020-05-04 22:08 UTC,N/A,false,N/A,
Learning LinkedIn Recruiter (2019),"Find the candidates you need with LinkedIn Recruiter, the industry-leading recruiting tool. LinkedIn Recruiter is used by hiring managers, HR teams, and staffing recruiters to find the right people for the right jobs. Watch this course to learn how to fully utilize Recruiter to search for, organize, and contact candidates. LinkedIn Learning staff instructor Oliver Schinkten shows how to efficiently search for talent in Recruiter, including how to save custom filters and find people who share similar traits with an existing candidate. He also demonstrates how to post a job, how to keep your recruiting efforts for a particular job in one place by creating a project, and how to leverage tools for managing your pipeline and communicating with your team.",Course,2020-04-12 10:41 UTC,2020-04-12 00:02 UTC,false,N/A,
VR Video and Photography: Storytelling,"In this course, learn how to leverage one of the most cutting-edge technologies out there, virtual reality (VR), to practice one of the oldest art forms, storytelling. With the snowy plains of Alaska as a backdrop, learn about the production and creative considerations behind shooting immersive photos and video for VR platforms such as Google Cardboard. Using both a multicamera unit with six GoPros attached to it and a Theta, photojournalist Paul Taggart shows you how to scout, shoot, and finish a photo and video story, telling the tale of a dogsled championship.<br><br>You can <a href=""https://www.youtube.com/watch?v=9Y13KON9slc"" target=""blank"">watch the 360-degree VR movie</a> that Paul created for this course on YouTube.",Course,2019-07-05 08:54 UTC,N/A,false,N/A,
Excel 2016: Financial Functions in Depth,"Analyzing financial data can seem intimidating, but Excel has a wide range of functions to perform these calculations quickly and easily. This course shows users how and when to use each of the financial functions available in Excel 2016. Author Curt Frye covers evaluating loan payments; calculating depreciation; determining rates of return, bond coupon dates, and security durations; calculating prices and yields; and more.",Course,2018-09-13 18:56 UTC,N/A,false,N/A,
Project Management Foundations,"Project management is a set of techniques that anyone can apply to achieve goals and make projects more successful. Project management can be used to guide small, simple projects as well as complex enterprise-wide initiatives. Bonnie Biafore has always been fascinated by how things work and how to make things work better. In this course, she explains the fundamentals of project management, from establishing project goals and objectives and building a project plan to managing resources and work, meeting deadlines, and closing the project. Along the way, she provides tips for communicating, holding meetings, keeping a project on track, and gaining customer acceptance. This course provides exercises for most videos based on a healthcare/IT case study project.",Course,2020-12-08 12:28 UTC,N/A,false,N/A,
HR and Digital Transformation,"Digital transformation is the integration and acceptance of new technology in all areas of a business, enabling a more innovative and productive workforce. It's a people-centric process, which is why HR plays such an essential part. In this course, bestselling business author and analyst Charlene Li explores the role of HR in successful digital transformation. Learn how to move recruiting online, implement digital learning and development, leverage cloud productivity tools, eliminate the performance review, and start incorporating data into your decision-making. Plus, find out how transforming your employee experience and company culture will lead to increased innovation, productivity, and engagement.",Course,2019-08-09 12:00 UTC,N/A,false,N/A,
Managing Diversity,"Successful companies value diversity and inclusion. Diverse workplaces increase innovation, retention, and market share. But what does an inclusive work environment look like? And what does it mean to manage diversity? Using real case studies and examples, HR consultant Catherine Mattice helps you create a strategic plan to support diversity and inclusion in your workplace and manage a diverse workforce.<br><br>

She outlines a process for creating a strategic plan and benchmarks for success. To bring your plan to life, she provides tips for implementing a diversity policy, recruiting and hiring, and asking diversity-related questions during interviews. (Compliance issues are also discussed along the way.) Catherine also explains how to integrate diversity within the performance management processes, including measuring employees on their ability to work well with others and measuring managers on their ability to drive and implement diversity initiatives.<br><br>

Last, she covers ""people practices,"" such as improving communication through open-door policies and ensuring work-life balance accommodates employees' lives and family responsibilities. When you're faced with organizational challenges, such as resistance to change, prejudice, or fear, Catherine provides tools to address them head-on.",Course,2018-09-13 17:44 UTC,N/A,false,N/A,
Apple Watch Tips and Tricks (2015),"Get the most from your smartwatch with these expert Apple Watch tips and tricks. This course shows viewers how to customize Glances, set haptic strength, customize and clear notifications, quickly silence the Apple Watch, arrange apps and quickly switch between them, and use Siri effectively. It also discusses how to use the fitness apps, play and manage music, use Passbook and Apple Pay, and send and receive calls, texts, and emails. And viewers will love the handy miscellaneous tips, like how to preserve battery life and use the Apple Watch to find your iPhone.",Course,2019-03-06 15:00 UTC,N/A,false,N/A,
Field Sales Management,"Whether you're leading a small team of in-house salespeople or a global team of 100 or more, the skills you need to be a successful manager are the same. That said, managing a remote field sales organization requires a unique leadership connection. This isn't a role you just jump into. You need training to acquire specific skills, as well as time to learn the balance of leading, letting people do their job, and reporting into your company. 
<br><br>
In this course, follow sales coach Dean Karrel as he explains what's unique about training, managing, and leading field salespeople. He covers topics such as the importance of giving field salespeople their independence, communicating remotely, the challenges of CRM, the need for travel, guiding your team through tough times, and managing performance from a distance.",Course,2020-03-07 23:26 UTC,N/A,false,N/A,
Human Resources: Using Metrics to Drive HR Strategy,"Become a strategic HR partner in the success of your organization. Metrics can help you assess the cost and impact of HR initiatives. The findings can help determine how the business moves forward, and where you need to focus your resources to help employees thrive. Join Catherine Mattice Zundel, an HR consultant and trainer, as she shows how to use metrics to reframe HR as an investment vs. cost center, and elevate your career as you partner with organizational leaders to grow the business. Learn what to measure and why throughout the employee life cycle, from recruiting and onboarding through growth and retention. Plus, find out how to measure your own impact, and discover the different software options that are available to help you gather your data.",Course,2019-01-09 22:20 UTC,N/A,false,N/A,
Building Resilience as a Leader,"Research tells us that resilience is one of the key attributes of successful leaders. Resilience can help you face challenges, navigate obstacles, and thrive in your role. But it can also help you lead your team and your business to bigger and better results. In this course, psychologist and executive coach Gemma Leigh Roberts helps you develop a resilient mindset, a resilient team, and a resilient organization, which can weather risk and change. The tips Gemma offers are approachable and actionable—designed for busy leaders who need an extra edge to survive and thrive in challenging times.",Course,2020-05-03 23:01 UTC,2020-04-25 00:50 UTC,false,N/A,
Developing Your Team Members,"When it comes to employee development, taking a one-size-fits-all approach can cause leaders to misuse their time and energy. In order to most efficiently develop your team, it's important that you understand performance patterns to tailor your leadership approach. Once you determine the type of training, coaching, and guidance that each team member requires, you can be more intentional about how you invest your time and energy in helping them improve their performance. In this course, Mike Figliuolo shares a practical approach that can help you address the unique needs of your team members and determine how to best allocate your time in their development. Mike shares how to inspire and grow your rising stars, motivate low performers, avoid leadership pitfalls, and more.",Course,2018-09-27 19:24 UTC,N/A,false,N/A,
Human Resources in the On-Demand Economy,"Companies like Uber and Airbnb have ushered in a new type of labor force where the terms ""employee"" and ""employer"" take on new meaning. To fill these on-demand jobs, HR departments need to become proficient at recruiting and managing a pool of rotating outside workers. Professor and HR expert Wayne Cascio outlines the HR and management challenges brought about by companies working with on-demand workers.<br><br> 

Wayne first outlines the characteristics of freelancers, contractors, and elancers, and what they look for in an employer. He then reviews the management challenges involved in leading an on-demand team, and the implications for HR professionals responsible for developing a global supply chain of talent. He also considers critical legal issues: how to protect proprietary information, how to avoid violations of compensation and benefits laws, and how to distinguish nonemployees from employees of an organization. By the end of this course, you'll have a better understanding of the issues facing employers and employees in the on-demand economy.",Course,2020-05-03 14:51 UTC,2020-04-23 16:00 UTC,false,N/A,
Talent Management,"Effective talent management drives benefits for an organization. In this course, leadership, team, and organizational development consultant Katy Sharon reveals how aligning talent management with your company's strategic plan directly impacts business success. She reveals how to build a top-notch talent management strategy, use that strategy to create a talent management plan, and bring it all together using best practices. Along the way, she explains how to identify talent needs, assess existing talent, recruit the right people, and develop employees to meet talent needs. Plus, Katy provides you with a high-level look at succession planning.",Course,2020-05-07 00:21 UTC,2020-05-06 22:45 UTC,true,N/A,
PowerPoint: Creating an Infographic,"You don't need to use fancy tools to create an infographic. With PowerPoint, you can create a visually interesting and compelling infographic quickly and easily. Follow along with PowerPoint MVP Heather Ackmann as she walks you through the process. Heather begins by showing how to track down the right elements for your infographic, including how to import Illustrator graphics. Next, she shares how to design and create your own scalable shapes and custom graphics within PowerPoint, work with PowerPoint icons, and add and format text boxes and charts. Finally, Heather steps through how to adjust your infographic and export it for a variety of different outputs.",Course,2020-05-10 12:19 UTC,N/A,false,N/A,
Strategic Human Resources,"Move beyond administrative HR with its focus on payroll, forms, and policies to develop a strategic focus on your most important asset: people. HR expert Catherine Mattice defines the components of strategic HR planning, including assessing current needs, forecasting the future, and supporting the overall organizational strategy and vision. She helps you define your talent needs, and provide guidance on how to recruit, onboard, train, compensate, manage, and engage employees. She also helps you tie training and other HR activities to business results and ROI—to show your leaders the true value of your HR programs.",Course,2020-04-11 03:22 UTC,2020-04-11 03:17 UTC,false,N/A,
Organizational Learning and Development,"To attract and retain top talent, organizations need to provide opportunities to learn and grow. Learning and development (L&D) programs have become a critical talent management tool, helping leaders, managers, and recruiters build their talent pipelines. In this course, expert and consultant Britt Andreatta shares how to build an L&D program to attract and retain talent and help employees develop the skills that keep your organization competitive. She shares how to adapt your program over time, assess your organization's level of maturity, and design a learning program that maps to your organization's maturity level. She covers adult learning theory and methods, outlines the basics of instructional design, and explains the different kind of learning programs available to you.",Course,N/A,N/A,true,N/A,
Organizational Culture,"An organization's culture is evidenced in its values, policies, attitudes, structures, and beliefs. It is a tangible asset that impacts morale <em>and</em> company performance, and it can be built, nurtured, and changed. In this course, leadership speaker and consultant Sara Canaday defines organizational culture and explores the different types of cultures prevalent today. She provides clear strategies for young companies to develop a healthy culture from the beginning. For established, merged, or stagnant companies, Sara introduces tools and practices required to successfully assess, refine, and change an existing culture. Plus, she highlights the leader's pivotal role in shaping and managing culture.",Course,2019-01-18 22:36 UTC,N/A,false,N/A,
Problem Solving Techniques,"You can't solve a problem unless you can get to the cause—and sometimes there's more than one. In this course, learn techniques for identifying the root cause of a problem, generating options, and selecting the best solution. Chris Croft takes you through several methods for identifying what's actually causing a problem, including looking at the whole system when a problem is actually a symptom of a larger issue. He also explains how to generate potential solutions using mind maps and decision trees, how to boost your creativity to help you come up with more insightful options, and how to use both logic and your intuition to select the right solution to your problem.",Course,2019-01-18 22:33 UTC,N/A,false,N/A,
Interviewing a Job Candidate for Recruiters,"Few recruiters are trained on how to conduct interviews. But the better the interview, the better you'll understand your candidates and the more requisitions you'll fill. In this course, expert recruiter Barbara Bruno draws on her 30 years of experience to help you develop a comprehensive interview process. Learn how to evaluate the job and the client and conduct interviews that uncover the credentials, core values, behaviors, and expectations of the candidate. As a recruiter, Barbara always keeps the end goal in mind, emphasizing the importance of retaining candidates and making sure your offers are accepted.",Course,2020-04-24 14:23 UTC,2020-04-13 00:30 UTC,false,N/A,
CONTENT METADATA NO LONGER EXISTS - urn:li:lyndaCourse:5037960,CONTENT METADATA NO LONGER EXISTS - urn:li:lyndaCourse:5037960,Course,2020-01-07 06:42 UTC,N/A,false,N/A,
Excel: Advanced Formulas and Functions,"Follow along with Excel expert Dennis Taylor as he demystifies the hundreds of formulas and functions available in Excel. Dennis starts with a few critical formula shortcuts that will speed up your work, then covers a variety of functions, such as VLOOKUP, MATCH, and INDEX, statistical functions, text functions, and date and time, math, text, and information functions. Dennis provides practical examples to help viewers easily transition to using Excel's most powerful formulas and functions in real-world scenarios. Note that this course is recorded in Excel for Office 365 but anyone using a recent version—including 2019, 2016, and 2013—will be able to follow along.",Course,2020-05-01 13:25 UTC,N/A,false,N/A,
Excel: Management Accounting,"Management accountants help executives make smarter, more informed business decisions. By providing advice and frequent, detailed internal updates, they help clarify their firm's current financial standing—and suggest how to boost profits going forward. In this hands-on course, professor Michael McDonald demonstrates how to use Microsoft Excel for the tasks performed most frequently by professionals working in a management or corporate accounting vertical. He covers topics such as performing variance analysis, doing activity-based costing (ABC), and using ratio analysis. Throughout the course, Michael includes exercises—together with downloadable exercise files—that you can complete to gain a practical understanding of these key concepts.",Course,2019-01-24 11:58 UTC,N/A,false,N/A,
The Essential Elements of Predictive Analytics and Data Mining,"A proper predictive analytics and data-mining project can involve many people and many weeks. There are also many potential errors to avoid. A ""big picture"" perspective is necessary to keep the project on track. This course provides that perspective through the lens of a veteran practitioner who has completed dozens of real-world projects. Keith McCormick is an independent data miner and author who specializes in predictive models and segmentation analysis, including classification trees, cluster analysis, and association rules. Here he shares his knowledge with you. Walk through each step of a typical project, from defining the problem and gathering the data and resources, to putting the solution into practice. Keith also provides an overview of CRISP-DM (the de facto data-mining methodology) and the nine laws of data mining, which will keep you focused on strategy and business value.",Course,2020-04-11 14:51 UTC,2020-04-11 14:07 UTC,false,N/A,
Negotiating Your Job Offer,"Getting a job offer is a time to celebrate, but it's also important to stop and ask, ""What does my offer cover, and what can I negotiate?"" In this course, career coach Christine DiDonato helps professionals understand how to benchmark their job offers and make sure they are getting what they want. She explains how to answer key questions (such as  ""What is my current salary?""), understand what parts of an offer are negotiable, and prepare a counteroffer. She also addresses special situations, such as the importance of negotiating your first job offer, the challenges women often face in negotiations, and negotiating a new position within your current organization.",Course,2019-10-21 07:51 UTC,N/A,false,N/A,
Excel Essential Training (Office 365/Microsoft 365),"Get up to speed with Microsoft Excel, the world's most popular spreadsheet program. Follow along with Excel expert Dennis Taylor as he demonstrates how to efficiently manage and analyze data with this powerful program. Learn how to enter and organize data, perform calculations with simple functions, and format the appearance of rows, columns, cells, and data. Other lessons cover how to work with multiple worksheets, build charts and PivotTables, sort and filter data, use the printing capabilities of Excel, and more.",Course,2020-03-18 08:33 UTC,N/A,false,N/A,
Finding and Retaining High Potentials,"CEOs and HR professionals understand that the ability to attract and retain talent is a company's key competitive advantage. In this course, leadership development consultant Katy Sharon explains the challenge of talent management and outlines strategies for finding and bringing the best and brightest employees to work for your organization. She offers tools and techniques to help you identify ""high potentials"" in your organization and position your company as an employer of choice, and provides a series of interview questions you can use in your hiring process. Katy also includes a sample high-potential career development plan and a guide for planning conversations about retention.",Course,2021-02-23 23:42 UTC,2020-04-12 15:49 UTC,false,N/A,
HR as a Business Partner,"The success of a company hinges on the quality of its workforce. But when it comes to making strategic business decisions, human resources—the part of an organization whose central function is to support its talent—isn't always positioned as a strategic partner. In this course, learn about the evolving role of human resources, and explore strategies and techniques that can help HR business partners become more effective in their roles, and help business leaders understand how to best partner with the HR function.<br><br>

Instructor Michael McLernon discusses the function of HR within an organization, and the skills needed to be successful as an HR business partner, regardless of company size or structure. In addition, he goes over the primary role of an HR business partner, highlighting specific areas where this role can add value to a business. Michael also covers how to engage with leaders, managers, and employees on key talent initiatives such as organization design, performance management, and employee engagement. Finally, he shows how to assess the impact of your efforts, and modify your approach as your organization—or the scope of your role—changes.",Course,2018-08-22 11:12 UTC,N/A,false,N/A,
Managing Virtual Teams,"Working remotely has been on the rise for many years now, with research showing that hiring managers expect nearly half of all their workers to be working remotely over the next decade. While many trends feed into this way of organizing work, managing the work effectively will be key to the success of organizations globally. In this course, instructor Phil Gold provides managers with a clear approach for getting the most out of their remote teams. He zeros in on the key factors that will ensure productivity, engagement, and growth, as well as a manager’s role in building trust, removing roadblocks, nurturing connections with team members, and setting clear goals. <br><br>Note: This course was featured in <i>Market Watch</i>, <i>Inc.</i>, <i>Fortune</i>, <i>Forbes</i>, and <i>Entrepreneur</i>.",Course,N/A,N/A,true,N/A,
Developing Managers in Organizations,"Managers have tremendous influence over how employees feel about their jobs. By developing a strong pool of managers, you can set your organization up for success. In this course, learn how to develop exceptional managers who can lead with confidence. Leadership expert Roberta Matuson outlines the qualities possessed by great managers, and explains how to go about using internal and external resources to help your managers acquire the skills needed to inspire and retain talent. She also explains how to assemble a management training strategy that prepares first-time managers and experienced managers alike, as well as how to measure the effectiveness of your management development program.",Course,2020-04-24 01:07 UTC,N/A,false,N/A,
Learning Data Analytics,"Every person who works with data has to perform analytics at some point. This popular training course—dramatically expanded and enhanced for 2018—teaches analysts and non-analysts alike the basics of data analytics and reporting. Robin Hunt defines what data analytics is and what data analysts do. She then shows how to identify your data set—including the data you don't have—and interpret and summarize data. She also shows how to perform specialized tasks such as creating workflow diagrams, cleaning data, and joining data sets for reporting. Coverage continues with best practices for data analytics projects, such as verifying data and conducting effective meetings, and common mistakes to avoid. Then learn techniques for repurposing, charting, and pivoting data. Plus, get helpful productivity-enhancing shortcuts and troubleshooting tips for the most popular data analytics program, Microsoft Excel.",Course,2020-09-12 14:57 UTC,2020-04-10 02:18 UTC,false,N/A,
Talent Sourcing,"In the war for talent, it's important to create an effective recruiting strategy. It begins with knowing where to find or ""source"" the best possible candidates. You need to proactively identify and attract top talent, so that when a position becomes available, you have developed a pipeline of qualified candidates. Learn the meaning of talent sourcing and how to create and implement a winning sourcing strategy. Award-winning recruiter and trainer Barbara Bruno introduces basic and higher-level candidate sourcing techniques, explains how to identify resources with the best ROI, and explains how to use big data, social media, and tools like LinkedIn Recruiter in your sourcing efforts.",Course,2020-05-03 14:50 UTC,2020-04-13 03:11 UTC,false,N/A,
Technical Recruiting,"IT talent is in high demand. If you are a recruiter, focusing on this niche market can be very profitable—if you know what you're doing. Expert recruiter and trainer Barbara Bruno, CPC, CTS, explains the segments that comprise the technical recruiting niche, such as direct hires and contractors, and how you can best build your presence in this area of specialization. She provides advice on how to recruit top technical talent, understand what motivates them, validate their credentials, and build a network of qualified candidates.  She also shares tips to effectively negotiate and close more deals.<br><br>

There's a shortage of top technical talent worldwide. The demand for qualified technical recruiters has never been higher. The strategies in this course will help you recruit technical talent faster and meet the ever-growing demands of hiring authorities.",Course,2021-02-23 23:44 UTC,2020-04-13 23:48 UTC,false,N/A,
Excel 2013: Managing Multiple Worksheets and Workbooks,"Sometimes multiple worksheets or workbooks are the only solution to storing large amounts of data. But how do you analyze data that's spread out that way? In this course, author Dennis Taylor shows you how to move, copy, and analyze large amounts of data stored in multiple worksheets and workbooks in Excel 2013. Learn how to insert, delete, move, and copy data from multiple sheets; hide and un-hide sheets; and make global changes. Plus, discover how to create simple formulas that connect different worksheets, make super-efficient 3D formulas to calculate summary totals from multiple worksheets, and use PivotTables to summarize data from multiple workbooks.",Course,2018-10-04 05:28 UTC,N/A,false,N/A,
Onboarding New Hires (2014),"You've completed the process of recruiting and hiring and are looking forward to your new employee's first day. Now what? In this course, discover how you can effectively integrate new hires into your team and set them up for success in working with you, their colleagues, and the company at large. Learn about the prep work you need to do before Day 1 and how to make the first day, week, month, three months, and year successful experiences. Todd Dewett will help you make your new hires feel welcome, informed, and ready to contribute.",Course,2019-03-07 19:39 UTC,N/A,false,N/A,
CONTENT METADATA NO LONGER EXISTS - urn:li:lyndaCourse:188210,CONTENT METADATA NO LONGER EXISTS - urn:li:lyndaCourse:188210,Course,2018-11-06 08:15 UTC,N/A,false,N/A,
Expert Tips for Answering Common Interview Questions,"There are certain questions that interviewers volley at nearly all interviewees—regardless of the position or industry—in an attempt to get a read on their personality and potential. Whether you're vying for a gig as an IT specialist or sales manager, you'll likely be asked about your strengths and weaknesses, your leadership style, and other basic professional attributes. In this collection of bite-sized videos, get expert tips that can help you confidently tackle these and other common questions—and, ultimately, ace your next job interview. Plus, get insights on how to dress for your interview, project confidence with your body language, negotiate your salary, and more.",Course,2021-05-25 21:44 UTC,N/A,false,N/A,
CONTENT METADATA NO LONGER EXISTS - urn:li:lyndaCourse:2806709,CONTENT METADATA NO LONGER EXISTS - urn:li:lyndaCourse:2806709,Course,2020-02-25 10:03 UTC,N/A,false,N/A,
Excel 2013: Advanced Formulas and Functions,"Conquer some of the most daunting features in Microsoft Excel once and for all. In this 2013 update to his popular series, author Dennis Taylor demystifies some of the most challenging of the 300+ formulas and functions in Excel and shows how to put them to their best use. The course starts with a review of the more basic, building-block functions, and a few critical keyboard shortcuts that will speed up working with Excel data, even on multiple sheets. Dennis then covers how to perform advanced searching and data retrieval with Lookup functions, tabulate and sort data with counting and statistical functions, format data with text and math functions, and work with financial data using advanced formulas. Dennis focuses on practical examples that transition effortlessly to real-world scenarios.",Course,2017-07-03 08:11 UTC,N/A,false,N/A,
Excel Tips Weekly,"This tips-based course will show Excel users productivity-boosting tricks, cool hidden features, need-to-know functions, and advanced content on subjects such as using PivotTables for data analysis. Tune in every Tuesday for a new tip from expert Dennis Taylor. Each tutorial is a short, self-contained lesson guaranteed to give you new insights into Excel.<br><br>Note: Because this is an ongoing series, viewers will not receive a certificate of completion.",Course,2020-04-05 18:49 UTC,N/A,false,N/A,
Excel Data Visualization: Designing Custom Visualizations,"Interested in using more than the built-in chart and graph tools to showcase your data in Excel? In this course—the second and final installment in the <i>Excel Data Visualization</i> series—instructor Chris Dutton steps through how to create unique, custom data visualizations in Excel. Since Chris covered the core data visualization capabilities of Excel in the previous installment of the series, he dives into some more sophisticated techniques here. As he moves through a series of hands-on demos, Chris covers everything from building dynamic dashboards to advanced maneuvers like value-based formatting and dynamic series selection.",Course,2020-04-26 03:18 UTC,N/A,false,N/A,
Wayne Winston on Analytics,"Data—whether it's sales, stock prices, or test scores—helps organizations measure their performance, but it's analytics that helps them identify patterns and make better, more comprehensive decisions. In this interview, awarding-winning mathematics professor Wayne Winston sits down with us to explain why analytics are important, and offer guidance for those trying to break into the field as an analytics professional. He also explains how analytics can provide insights into supply chains, marketing, and financial data, and help cities, school systems, and hospitals better meet the needs of the public.",Course,2019-04-18 08:45 UTC,N/A,false,N/A,
Entrepreneurship: Raising Startup Capital,"Entrepreneurs need capital to achieve their business goals and meet significant milestones, whether they're launching a new product, acquiring key customers, or reaching a revenue goal. In this course, author and entrepreneur Rudolph Rosenberg provides an overview of the main avenues to raising capital (such as crowdfunding, angel investors, venture capital, and more), identifies the key stakeholders, and shows the best ways to market your project and ask for funding.",Course,2019-01-24 11:59 UTC,N/A,false,N/A,
Grammar Foundations,"Grammar matters! Why? Proper grammar improves the clarity of your writing and increases readers' confidence in your ideas. But memorizing every single grammar rule is not the purpose of this course. Instead, author Judy Steiner-Williams concentrates on helping you apply the basic principles so you can avoid making the most common mistakes. Learn about the different parts of speech, possessive rules, and the difference between writing vs. spelling numbers. Then discover tricks for using words that look alike or sound alike (but have entirely different meanings) and enforcing parallel structure.",Course,N/A,N/A,true,N/A,
Creating Interactive Dashboards in Excel 2013,"Learn how to explore and analyze your data by creating an interactive dashboard in Excel using pivot tables and a little Visual Basic. Using these lessons, you can create a dynamic template to generate reports for customers and to better understand your own data. Along the way, you'll learn how to import external data, design a template using pivot tables, and add slicers, macros, and action buttons to make the template more interactive. Author Nate Makdad also shares some basic principles of visual design to guide you in developing an easy-to-use and visually appealing report.",Course,2019-05-20 10:19 UTC,N/A,false,N/A,
Computer Science Principles: Programming,"Programming is what allows us to make computers, devices, and the Internet perform amazing tasks, entertain us, and simplify our lives. While programming seems complicated, every programming challenge can be broken down into sections of code that you can define, control, and even reuse. You can learn the basic concepts of coding without needing to know a specific programming language. 
<br><br>
Join Doug Winnie as he explains the principles of programming and helps you connect to core concepts by exploring three ways that programmers perform their jobs. Doug starts by sharing the history of coding and then dives into functions, values, variables, and parameters used to define actions. He covers capturing input from users, creating conditional tests, using loops with arrays, and object-oriented programming basics. He also takes you beyond programming, into processes like debugging, refactoring, and building iteratively.",Course,2018-08-15 17:41 UTC,N/A,false,N/A,
"Hiring, Managing, and Separating from Employees","Gaining a deep understanding of the dozens of laws and hundreds of regulations that apply to the workplace isn't necessary for most managers or human resource professionals. That said, knowing the most important ones can be a boon to your career and help you maintain your company's reputation. This course is focused on giving you the framework of the law from hiring to letting employees go, so you know how to avoid potential issues that could land you—and your organization—in trouble. Learn how to properly navigate the hiring process—from writing job descriptions to asking appropriate interview questions—as well as how to define company policies and procedures in an employee handbook, and manage personnel files. In addition, learn about day-to-day laws that managers should be familiar with, and how to handle employee discipline and documentation.<br><br>

DISCLAIMER: This course addresses U.S. law concepts that may not apply in all countries. LinkedIn (including Lynda.com) and the instructor are not giving legal advice. Neither LinkedIn (including Lynda.com) nor the instructor represent you. The information conveyed through this course is similar to a college or law school course; it is not intended to give legal advice, but instead to communicate information to help viewers understand the basics of the topic presented. The views and legal interpretations presented in this course do not necessarily represent the views of LinkedIn or Lynda.com.",Course,2019-02-27 17:25 UTC,N/A,false,N/A,
Strategic Thinking,"Strategic thinking is the ability to think on a big and small scale, long and short term, and into the past and the present. While strategic thinking is a valuable skill for everyone in an organization, it becomes increasingly essential as you ascend the ladder. In fact, you may have a difficult time being promoted or succeeding as a leader without it. Yet, no one formally teaches strategic thinking—so it's critical to take the initiative and learn how to do it yourself. This course teaches managers and leaders how to use strategic thinking to guide the direction of their teams and come up with solutions to key business problems. Career and personal branding expert Dorie Clark shows you how to carve out time to think about strategy, gather data, learn from the past, create a vision for the future, and implement strategic thinking within your team.",Course,2018-08-22 11:10 UTC,N/A,false,N/A,
Design Thinking: Implementing the Process (2016),"Design thinking may be the answer to all your product design challenges. It can help you save time and find more creative solutions to your customer needs. But it takes a good plan and team buy-in to get started. Learn how to implement a design thinking process at your company, with this practical guide from user experience expert Chris Nodder. Follow along with a sample project—a trail maintenance app—as it goes through a one-week design thinking process. Watch the development team use design thinking to turn new ideas into a testable concept and full-featured product.<br><br>

Along the way, you'll learn who should be involved, what activities you need to perform, and how to observe users, come up with great ideas, test solutions with prototypes, and plan development. Plus, discover how to avoid the common issues that can get in the way of a successful design thinking session, and the traps that people fall into when using the process for the first time.",Course,2018-10-31 16:20 UTC,N/A,false,N/A,
Power BI Top Skills,"You don’t need a dedicated team to unlock insights into your data. All you need is Power BI. Power BI is a powerful data analytics tool that is streamlining the way business works with data. In this course, instructor John David Ariansen teaches the essential skills you need to analyze data effectively with Power BI. Explore the difference between Power BI Desktop and the Power BI service. Learn key skills, such as importing data, manipulating data, managing relationships, working with Data Analysis Expressions (DAX), and building visualizations and reports. After watching this course, you can feel confident using Power BI for all your business intelligence and reporting needs.<br><br>

This course was created by <a href=""http://www.onlymadecraft.com"" target=""_blank"">Madecraft</a>. We are pleased to host this content in our library.<br><br><img src=""http://files3.lynda.com/files/course_description_images/MadeCraft-Description-Logo.jpg"" height=""25%"" width=""25%"">",Course,2020-02-13 17:43 UTC,N/A,false,N/A,
Developing a Learning Mindset,"A learning mindset means that you see challenges as opportunities and that you are motivated to learn something new every day. eParachute founder Gary Bolles shows you how to develop a learning mindset so that learning becomes a habit and not a chore. Find your motivation to learn, explore how the brain acquires and retains information, and discover how to conduct a self-inventory that reveals what you've learned and how you learn best. Gary also introduces strategies to make learning a fun and rewarding practice that stays with you for life.",Course,2020-04-19 01:21 UTC,N/A,true,N/A,
Human Resources: Job Structure and Design,"While there are many theories and academic conversations about job design, this course will provide clear guidance on how to actually do job design. HR consultant Catherine Mattice Zundel teaches job design techniques, including job analysis, job rotation, job enrichment, and job enlargement, and explains how to write job descriptions that effectively capture what employees actually do. She also discusses emerging trends, overcoming common challenges, and how job design ties into organizational design.",Course,2019-02-21 16:22 UTC,N/A,false,N/A,
Kids Photography: At Home,"Learn techniques for taking intimate, natural portraits of kids in their own homes. Family photographer Lauren Enright shows how to plan, scout, shoot, and edit great candid photos of kids and their parents. Find out how to find interesting backgrounds inside and outside the home, use natural light and supplement with softboxes, and enhance the final images with Lightroom and Photoshop.",Course,2019-12-04 11:13 UTC,N/A,false,N/A,
Employee Experience,"Employee experience is a new concept in HR. It goes beyond traditional benefits, compensation, and performance. Now HR must actively work with all facets of the organization—incorporating the company's culture, tools, and environment—to create a great place to work. This course helps HR leaders and managers understand what employee experience is, why it's important, and how you can design a program that will set your company apart and help you win the war for talent. Learn how to keep employees engaged and support them throughout the employee life cycle—from first contact to offboarding. HR exec and talent consultant Pat Wadors also shows where to find the data you need to measure your progress and evolve your process. Experience matters; use these tips to build a more productive, positive workplace that helps you compete for—and keep—great talent.",Course,2019-02-26 13:17 UTC,N/A,false,N/A,
